{"theta0": 6331.559980189939, "theta1": -1105.9721327347058, "mileage_mean": 101066.25, "mileage_std": 51565.1899106445}